{"loss": [0.26112380623817444, 0.07994663715362549, 0.060419294983148575, 0.04119234159588814, 0.028594493865966797, 0.02044881321489811, 0.015015522949397564, 0.00945016834884882, 0.007843885570764542, 0.006539067719131708], "acc": [0.8960325121879578, 0.97060227394104, 0.9799235463142395, 0.9878107309341431, 0.9921128153800964, 0.9949808716773987, 0.9973709583282471, 0.9990440011024475, 0.9995219707489014, 0.9995219707489014], "val_loss": [0.22124850749969482, 0.134094700217247, 0.12736976146697998, 0.18034885823726654, 0.10581523180007935, 0.10138224810361862, 0.10901013016700745, 0.13289807736873627, 0.12030484527349472, 0.12911884486675262], "val_acc": [0.8998091816902161, 0.9494274854660034, 0.9541984796524048, 0.927480936050415, 0.9589694738388062, 0.9618320465087891, 0.9608778357505798, 0.9541984796524048, 0.9599236845970154, 0.9541984796524048]}